ID1,ID2,Site Address,Type,City,Province,Category,Number Employees,1-Nov-14,1-Dec-14,1-Jan-15,1-Feb-15,1-Mar-15,1-Apr-15,1-May-15,1-Jun-15,1-Jul-15,1-Aug-15,1-Sep-15,1-Oct-15,1-Nov-15,1-Dec-15,1-Jan-16,1-Feb-16,1-Mar-16,1-Apr-16
7025439,7025439-6,"2151 McCallum Rd, Abbotsford , BC V2S3N8",PSC,Abbotsford,BC,BC.Bio,9,88.1,56.3,86.799,83.3995,88.7,66.4,68,85.8,60.7,62.2,90.8,63.7,65.8,85.4,67.3,63.9,82.9,78.9
7025439,7025439-31,"32475 Simon Ave, Abbotsford , BC V2T5E3",PSC,Abbotsford,BC,BC.Bio,10,63.8,44.6,73.3991,63.4997,74.4,57.5,51.3,78.4,48.2,60.7,71.5,53.7,58.4,63,59.7,59.5,67.9,60.4
7025439,7025439-19,"2825 Clearbrook Rd, Abbotsford , BC V2T6S3",PSC,Abbotsford,BC,BC.Bio,4,32.6,29.9,38.7994,31.7,32.1,26.3,31.7,53.2,29.9,20.7,24.7,27.8,23.8,38.9,33.5,7.6,55,25.6
7025439,7025439-5,"7069 Cheam Ave, Agassiz , BC V0M1A3",PSC,Agassiz,BC,BC.Bio,2,21.3,,28.0998,18.4,13.5,14.4,9.4,16.9,13.8,8.7,26.2,11.7,9.7,9.3,16.5,8.7,15.3,14.3
7027127,7027127-140,"601 Harwood Ave S, Ajax , ON , L1S2J5",PSC,Ajax,ON,CML,6,32.46,39.97,18.678,25.72,30.86,29.74,36.4,40.33,27.82,27.7,23.72,29.84,20.56,19.82,28.98,28.06,26.64,27.6
7027127,7027127-193,"300 Harwood Ave S, Ajax , ON , L1S2J1",PSC,Ajax,ON,CML,1,,,,10.56,,12.12,,,,7.02,15.18,,,,0,,,
7025439,7025439-20,"26310 Fraser Hwy, Aldergrove , BC V4W2Z7",PSC,Aldergrove,BC,BC.Bio,6,26.4,22.2,34.8996,27.9,27.6,25.6,24,42.6,23.4,4.4,47.1,28.5,28.1,36.3,22.4,32.4,22.9,24.7
7027127,7027127-195,"424 Talbot St W, Aylmer , ON , N5H1K9",PSC,Aylmer,ON,CML,2,8,16.16,5.6199,8.86,11.28,5.12,10.54,15.68,9.74,5.8,11.5,4.76,10.68,9.62,9.02,3.28,25.12,12.14
7002585,7002585-1,"121 Wellington St W, Barrie , ON , L4N1N2",PSC,Barrie,ON,LifeLabs,31,174.3799,194.7797,147.9484,173.66,196.18,227.03,169.28,211.82,196.43,169.66,176.41,216.74,198.87,207.96,181.55,170.31,240.31,198.78
7002586,7002586-3,"51 Adam St, Belleville , ON , K8N5K3",Lab,Belleville,ON,LifeLabs,81,2701.4188,2520.099,2847.9552,2595.9522,2951.37,3042.75,3165.65,3463.24,3108.94,3297.84,4255.12,4132.44,3894.87,3949.54,3568.26,3274.23,4744.31,4979.14
7027127,7027127-26,"274 Dundas St E, Belleville , ON , K8N1E6",PSC,Belleville,ON,CML,4,14.45,12.95,13.1297,13.59,14.49,13.41,16.74,11.99,19.24,7.93,17.85,6.41,9.85,7.19,7.87,6.87,5.67,9.29
7027127,7027127-24,"222 King St E, Bowmanville , ON , L1C1P6",PSC,Bowmanville,ON,CML,12,36.3199,30.09,31.5996,31.38,37.34,37.2,67.8,38.66,32.8,32.14,33.38,53.06,28.66,13.94,39.4,33.34,32.94,50.19
7027127,7027127-213,"100 Holland Ct, Bradford , ON , L3Z1R8",PSC,Bradford,ON,CML,3,15.5,13.78,14.8397,,33.62,,24.54,,51.18,,23.9,,27.52,,33.6,25.76,,31.04
7027127,7027127-83,"36 Vodden St, Brampton , ON , L6V4H4",PSC,Brampton,ON,CML,12,47.28,46.78,49.3181,47.7594,79.34,56.2,48.14,50.38,52.76,43.02,72.52,44.9,34.42,42.6,36.98,42.84,72.46,60.34
7027127,7027127-82,"40 Finchgate Blvd, Brampton , ON , L6T3A1",PSC,Brampton,ON,CML,13,34.6795,34.5,33.68,39.2995,67.46,34.46,35.66,53.92,40.3,33.86,57.4,36.15,30.6,30.08,27.64,37.78,57.34,40.74
7027127,7027127-75,"9780 Bramalea Rd, Brampton , ON , L6S2P1",PSC,Brampton,ON,CML,5,21.72,18.7,31.3697,20.4,20.6,23.34,19.26,27.9,30.93,16.22,31.43,24.42,20.29,16,20.82,19.32,33.45,19.94
7027127,7027127-85,"10425 Kennedy Rd N, Brampton , ON , L6Z0A4",PSC,Brampton,ON,CML,5,21.74,40.76,21.3797,21.28,24.7,25.8,21.9,31.62,20.12,18.96,21.46,20.3,16.92,22.58,19.14,21.26,20.4,19.72
7027127,7027127-215,"18 Kensington Rd, Brampton , ON , L6T4S5",PSC,Brampton,ON,CML,8,,,,,,,,29.2,14.98,14.1,19.6,19.68,13.62,17.76,17.6,14.6,20.16,23.67
7027127,7027127-184,"100 Pertosa Dr, Brampton , ON , L6X5E9",PSC,Brampton,ON,CML,3,15.3,13.78,14.1798,11.82,14.7,12.88,20.24,29.16,22.7,13.66,15.08,16.84,14.19,16.4,14.92,12.12,11.86,15
7027127,7027127-166,"40 Shellington Place, Brantford , ON , N3C0C5",PSC,Brantford,ON,CML,11,25.48,46.2,26.2397,17.92,29.44,25.36,75.3,74.04,56.26,55.84,81.02,55.1,54.82,62.8,73.22,74.96,93.9,76.06
7027127,7027127-89,"221 Brant Ave, Brantford , ON , N3T3J3",PSC,Brantford,ON,CML,7,22.9219,28.42,19.52,26.4697,44.55,46.12,42.97,66.58,47.54,63.42,65.42,58.96,47.04,54.56,48,59.81,49.7,57.51
7027127,7027127-188,"99 Wayne Gretzky Pkwy, Brantford , ON , N3S6T6",PSC,Brantford,ON,CML,4,10.52,9.8,10.56,8.3699,16.35,9.3,16.2,13.15,10.1,15.42,22.68,14.4,13.54,15.64,13.2,20.5,15.66,10.48
7027127,7027127-194,"353 St. Paul Ave, Brantford , ON , N3R4N3",PSC,Brantford,ON,CML,2,10.28,2.96,8.8398,4.3,6.3,8.5,11.02,21.44,13.5,8.94,12.6,8.3,8.84,9.68,11.46,9.76,7.2,11.48
7027127,7027127-168,"1960 Appleby Line, Burlington , ON , L7L0B7",PSC,Burlington,ON,CML,6,37.8,32.58,59.2595,34.28,35.66,45.72,35.56,47.18,56.78,50.09,45.3,49.6,53.5,57.8,68.01,51.65,56.82,53.34
7002606,7002606-1,"3155 Harvester Rd, Burlington , ON , L7N3V2",PSC,Burlington,ON,LifeLabs,10,33.45,42.3993,42.2997,31.3598,29.79,24.33,32.44,26.42,26.71,38.67,23.15,27.7,28.21,26.14,37.94,24.03,37.24,42.74
7027127,7027127-100,"2200 Fairview St, Burlington , ON , L7R4H9",PSC,Burlington,ON,CML,3,18.26,37.04,45.9396,15.54,16.68,26.94,14.8,26.68,31.2,18.18,34.1,27.9,22,24.7,34.7,23.62,26.02,19.76
7008324,7008324-1,"3680 Gilmore Way, Burnaby , BC , V5G4V8",Lab,Burnaby,BC,LifeLabs,577,7968.8981,8237.4,7998.6686,8633.0897,9104.66,8735.32,8945.83,8147.7,9806.19,9079.53,9104.75,9596.37,8515.69,6646.21,4814.63,5109.38,5470.29,5306.51
7025439,7025439-2,"4980 Kingsway, Burnaby , BC V5H4K7",PSC,Burnaby,BC,BC.Bio,15,90.8,89.7,136.7981,100.4,102.9,88.1,94.3,105.7,141.4,87.3,91.4,102.8,91.4,84.9,139.2,104.7,102.2,85.9
7025439,7025439-3,"7885 6th St, Burnaby , BC V3N3N4",PSC,Burnaby,BC,BC.Bio,4,52.9,47.9999,56.9992,44.6,52.7,38.9,36.5,48.2,71.5,41,44.7,49.6,38.7,63.8,40,45.2,49,48.3
7025439,7025439-35,"6542 Hastings St, Burnaby , BC V5B1S2",PSC,Burnaby,BC,BC.Bio,5,28.6,45.5,28.4007,36.5,35.8,31.3,30.1,35,43.4,29.82,21.03,33.6,31.3,41.5,32.4,38.3,33.4,33.9
7025439,7025439-36,"4012 Hastings St, Burnaby , BC V5C2H9",PSC,Burnaby,BC,BC.Bio,2,23.8,29.5,24.9998,23.6,26.7,26,21.2,31.8,37.3,19.4,23.1,28.6,19.3,29,23.8,32.4,23.5,23.9
7027127,7027127-10,"697 Coronation Blvd, Cambridge , ON , N1R7S9",PSC,Cambridge,ON,CML,10,54.8199,74.63,95.4692,88.8,91.83,105.42,102.23,106.42,139.54,101.09,107.38,104.28,112.34,116.53,142.25,106.6,107.72,115.86
7027127,7027127-91,"167 Hespeler Rd, Cambridge , ON , N1R3H7",PSC,Cambridge,ON,CML,5,24.06,22.32,26.6797,19.74,17.56,25.84,20.14,18.48,7.18,38.31,18.02,25.34,18.56,22.3,29.9,19.96,22.98,16.92
7027127,7027127-211,"130 Cedar St, Cambridge , ON , N1S1W4",PSC,Cambridge,ON,CML,3,16.16,14.92,16.3199,16.24,16.56,12.66,15.9,16.56,28.3,12.6,15.72,13.17,12.06,14.38,15.7,18.16,18.32,21.4
7027127,7027127-55,"180 Vine St S, St. Catharines , ON , L2R7P3",PSC,Catharines,ON,CML,2,13.54,8.21,15.5697,11.2199,14.68,10.08,36.04,14.84,16.67,13.17,9.23,20.85,12.18,5.78,10.74,13.98,12.16,11.13
7019905,7019905-1,"8236 Eagle Landing Pky, Chilliwack , BC V2R0R5",PSC,Chilliwack,BC,BC.Bio,11,68.21,53.88,52.3894,54.1995,88.04,60.31,62.21,65.92,53.28,49.28,92.45,66.6,57.39,58.21,52.59,65.31,94.06,65.92
7025439,7025439-29,"1194 Lansdowne Dr, Coquitlam , BC V3E1J7",PSC,Coquitlam,BC,BC.Bio,8,39,21.3,48.4995,47.3998,38,42.1,41.6,37,48.7,32.5,44.4,52.5,47,56.9,48.1,46.9,57,48
7017709,7017709-1,"435 North Rd, Coquitlam , BC V3K3V9",PSC,Coquitlam,BC,BC.Bio,5,35.06,53.5,50.059,42.7798,55.3,51.69,47.49,55.8,46.97,41.67,54.89,60.81,46.18,49.09,47.39,63.3,52.9,53.89
7025439,7025439-14,"1015 Austin Ave, Coquitlam , BC V3K3N9",PSC,Coquitlam,BC,BC.Bio,10,43.3,25.4,43.5994,34.6998,37.7,51.3,42,41.7,49.3,39.7,41.3,55.7,47.7,56.3,43.3,47,57.3,50.3
7027127,7027127-60,"30 13th St E, Cornwall , ON , K6H6V9",PSC,Cornwall,ON,CML,5,14.98,15.8,20.3197,16,21.04,16.98,19.08,18.18,25.3,14.24,15.52,6.52,0,,0,,,
7032231,7032231-1,"705 103rd Ave, Dawson Creek , BC , V1G4W8",PSC,Dawson Creek,BC,LifeLabs,3,,,,,6.25,4.35,8.55,4.75,10.1,4.95,5.15,4.9,,,0,,5.95,4.9
7027127,7027127-98,"105 Main St, Delhi , ON , N4B2L8",PSC,Delhi,ON,CML,2,6.82,9.5,5.48,6,6.98,7.14,7.58,13.44,6.4,7.5,6.34,6.76,5.74,5.6,4.94,7.46,5.6,5.74
7017798,7017798-1,"8425 120 St, Delta , BC V4C6R2",PSC,Delta,BC,BC.Bio,10,83.44,50.38,84.249,76.9296,76.81,94.63,79.73,75.72,83.64,71.02,79.23,77.01,58.1,92.65,70.32,85.41,68.42,75.82
7025439,7025439-27,"6345 120 St, Delta , BC V4E2A6",PSC,Delta,BC,BC.Bio,6,55.9,26.2,64.7093,48.5997,46.2,56.9,48.4,46.5,51.5,45,60.7,40,42.9,50.3,40.6,51.9,51.6,56.5
7027127,7027127-117,"16 Cross St, Dundas , ON , L9H2R4",PSC,Dundas,ON,CML,2,25.98,36.98,22.7,41.68,45.08,32.88,37.24,32.48,36.33,44.14,33.06,36.88,38.58,35.27,19.18,51.3,29.14,42.7
7027127,7027127-196,"840 Coxwell Ave, East York , ON , M4C5T2",PSC,East York,ON,CML,4,16.88,15.56,13.0799,16.8997,20.94,15,18.1,24.62,23.06,19.26,13.34,13.26,13.76,19.9,14.38,15.28,21.36,18.54
7002587,7002587-6,"37 Voyager Court, Etobicoke , ON , M9W4Y2",PSC,Etobicoke,ON,LifeLabs,63,,,,,,,,,,264.09,483.28,497.47,477.27,378.63,416.25,441.64,437.9,458.94
7031993,7031993-1,"175 Galaxy Blvd, Etobicoke , ON , M9W0C9",Lab,Etobicoke,ON,LifeLabs,9,,10.48,6.21,,74.78,,76.24,,73.24,12.27,11.17,11.21,28.97,68.07,84.9,141.04,119.78,94.28
7027127,7027127-95,"1243 Islington Ave, Etobicoke , ON , M8X1Y9",PSC,Etobicoke,ON,CML,3,19.92,13.76,15.1197,17.26,13.2,13.48,21.24,11.42,29.36,14.92,13.34,14.08,13.06,6.76,15.73,17,11.1,10.5
7027127,7027127-137,"89 Humber College Blvd, Etobicoke , ON , M9V4B8",PSC,Etobicoke,ON,CML,4,13.14,12.32,7.14,16.7,12.52,12.64,13.02,11.68,12.04,7.48,27.38,13.62,7.22,13.48,6.52,13.1,13.42,7.82
7027127,7027127-54,"40 Westmore Dr, Etobicoke , ON , M9V4C2",PSC,Etobicoke,ON,CML,1,,5.98,4.9599,,6.34,,4.8,,4.74,,4.96,,4.76,3.86,0,5.72,,5.16
7027127,7027127-212,"205 Francis St E, Fenelon Falls , ON , K0M1N0",PSC,Fenelon Falls,ON,CML,1,,7.44,,,,,8.22,,6.97,,,8.28,,,11.96,,,18.78
7027127,7027127-192,"238 Bertie St, Fort Erie , ON , L2A1Z2",PSC,Fort Erie,ON,CML,1,6.9,7.82,9.9,,17.22,10.21,8.04,7.84,8.48,8.42,17.08,9.66,0,14.16,8.78,,19.22,9.88
7016554,7016554-1,"301 Victoria Ave, Fort Frances , ON , P9A2C1",PSC,Fort Frances,ON,CML,3,11.06784,18.5976,6.71328,8.34624,10.79568,6.62256,8.89056,10.79568,8.25552,9.88848,15.29472067,,16.70191942,10.40000018,6.699998592,7.900001928,10.7,9.16
7027127,7027127-110,"99 Sinclair Ave, Georgetown , ON , L7G5G1",PSC,Georgetown,ON,CML,5,32.06,25.16,28.5578,22.9198,31.74,31.1,20.34,24.92,23.36,17.9,17.88,23.02,19.69,13.76,21.68,18.72,22.06,17.38
7027127,7027127-77,"155 Main St E, Grimsby , ON , L3M1P2",PSC,Grimsby,ON,CML,7,68.9799,62.18,77.0594,59.16,66.46,61.08,59.02,65.92,74.86,44.78,69.18,50.36,49.26,49.5,66.11,36.24,47.92,52.4
7027127,7027127-19,"21 Surrey St W, Guelph , ON , N1H3R3",PSC,Guelph,ON,CML,8,24.4904,29.09,15.3798,31.8996,48.04,29.91,28.95,27.57,26.17,22.38,39.72,31.39,24.84,17.12,29.11,28.67,28.03,15.71
7027127,7027127-20,"55 Wyndham St N, Guelph , ON , N1H4G1",PSC,Guelph,ON,CML,4,16.12,22.77,24.8196,6.67,23.81,17.88,18.48,28.57,16.4,13.5,15.8,19.96,14.8,18.33,19.42,15.34,18.34,8.7
7027127,7027127-51,"83 Dawson Rd, Guelph , ON , N1H1B1",PSC,Guelph,ON,CML,4,15.82,11.74,12.7997,11.3,20.86,11.18,13,24.24,11.62,12.92,29.64,12.02,15.34,9.1,16.76,11.88,12.28,17
7027127,7027127-217,"33 Farley Dr, Guelph , ON , N1L0B7",PSC,Guelph,ON,CML,1,,,,,,,,,1.76,8.38,4.92,9.48,6.22,8.57,13.74,11.4,17.85,6.66
7027127,7027127-176,"280 Queenston Rd, Hamilton , ON , L8K1H1",PSC,Hamilton,ON,CML,9,40.26,67.72,39.7995,44.04,51.1,53.88,58.62,64.64,46.52,55.1,51.1,61.44,43.44,38.02,67.1,40.76,79.86,79.56
7027127,7027127-126,"25 Charlton Ave E, Hamilton , ON , L8N1Y2",PSC,Hamilton,ON,CML,6,68.56,61.16,54.4393,57.7394,60.4,93.9,64.48,54.86,57.04,53.06,97.3,54.02,53.16,46.2,39.18,59.42,74.44,59.04
7027127,7027127-120,"1119 Fennell Ave E, Hamilton , ON , L8T1S2",PSC,Hamilton,ON,CML,9,47.14,41.7,38.1995,48.3596,46.6,74.6,32.66,51.12,42.66,29.56,62.14,46.97,43.56,35,30.5,34.24,49.62,28.86
7027127,7027127-31,"118 7th Ave, Hanover , ON , N4N2G9",PSC,Hanover,ON,CML,2,9.35,8.01,14.4,7.09,14.8,9.74,13.5,8.79,24.43,8.77,6.93,15.38,5.59,14.84,10.17,19.8,11.96,9.71
7027127,7027127-96,"45 King St East, Ingersoll , ON , N5C1G5",PSC,Ingersoll,ON,CML,2,5.92,6.32,6.3,6.1,6.58,6.92,8.1,6.86,6.64,7.1,16.54,7.22,6.16,7.16,8.14,9.06,8.1,25.46
7008328,7008328-1,"120-546 St Paul Street, Kamloops , BC , V2C5T1",Lab,Kamloops,BC,LifeLabs,17,201.5,282.42,204.6168,235.8,258.04,286.72,252.34,318.1600066,213.46,208.38,227.5,302.06,236.11,270.68,199.92,245.74,246.84,289.2
7027127,7027127-25,"791 Princess St, Kingston , ON , K7L1E9",PSC,Kingston,ON,CML,8,24.72,15.36,24.1998,28.1799,19.68,30.54,22.94,24.1,37.32,26.8,31.24,33.5,28.16,32.8,36.28,25.78,35.32,31.72
7027127,7027127-177,"59 Main St E, Kingsville , ON , N9Y1H1",PSC,Kingsville,ON,CML,3,18.1395,13.6,12.4998,7,19.32,19.76,14.14,12.36,10.52,8.9,6.49,17.65,11.01,10.42,9.66,12.14,12.56,10.62
7002603,7002603-1,"751 Victoria St S, Kitchener , ON , N2M3B4",Lab,Kitchener,ON,LifeLabs,46,285.72,235.8999,246.2584,232.1189,265.7,276.46,240.43,289.38,249.99,237.63,262.64,296.3,295.5,222.44,250.26,265.89,303.37,292.09
7027127,7027127-78,"385 Frederick St, Kitchener , ON , N2H2P2",PSC,Kitchener,ON,CML,3,19.62,15.64,14.5197,17.9698,18.16,29.92,20.47,23.82,20.14,19.66,28.82,24.81,15.89,12.5,18.68,12.97,30.22,18.96
7027127,7027127-71,"421 Greenbrook Dr, Kitchener , ON , N2M4K1",PSC,Kitchener,ON,CML,6,21.86,16.2,18.7397,19.8397,16.59,32.51,25.83,22.94,15.36,17.04,30.32,21.02,10.51,17.06,14.6,19.18,25.45,16.48
7027127,7027127-12,"535 Belmont Ave W, Kitchener , ON , N2B1E9",Lab,Kitchener,ON,CML,3,15.1,14.46,14.8198,24.52,10.58,14.38,14.98,12.54,22.85,11.62,10.44,12.64,9.46,13.65,8.9,20.1,22.58,12.74
7025439,7025439-37,"19653 Willowbrook Dr, Langley , BC V2Y1A5",PSC,Langley,BC,BC.Bio,8,51.3,66.9,75.8995,52.5,61,59.2,64.9,80.3,59.7,52.71,57.01,62,88,55.4,44.2,64.6,55.7,55.21
7025439,7025439-34,"20999 88 Ave, Langley , BC V1M2C9",PSC,Langley,BC,BC.Bio,8,39.6999,43.5,52.2996,46.4,46.5,44.5,45.2,65.8,41.8,43.9,35.3,48,61.2,40.7,42,41.5,46.7,39.6
7016448,7016448-1,"5503 206 St, Langley , BC V3A2C6",PSC,Langley,BC,BC.Bio,6,49.9,29.26,54.0995,37.5698,41.49,41.37,40.97,51.57,36.17,40.27,43.27,38.57,50.19,34.96,37.26,52.79,30.75,52.88
7025439,7025439-23,"20103 40 Ave, Langley , BC V3A2W3",PSC,Langley,BC,BC.Bio,4,22,23.8,29.9004,34.2,27.5,28.3,30,37.6,23.5,22.8,22.7,29.3,40.5,27,22.5,8.8,54.1,23.2
7027127,7027127-161,"65 Angeline St N, Lindsay , ON , K9V5N7",PSC,Lindsay,ON,CML,4,19.78,10.72,10.88,17.9596,22.86,,34.56,13.64,11.34,10.3,10.66,12.28,11.84,11.6,13.56,9.14,12.16,16.24
7002589,7002589-3,"746 Baseline Rd E, London , ON , N6C5Z2",Lab,London,ON,LifeLabs,102,2293.4292,2258.9991,2307.5948,2285.52,2469.91,2828.92,2373.4,2770.12,2596.15,2587.21,2476.14,2855.1,2999.57,2799.07,2472.29,2742.08,2112.69,1438.93
7027127,7027127-173,"460 Springbank Dr, London , ON , N6J1G8",PSC,London,ON,CML,10,50.76,30.29,28.64,40.86,26.74,27.91,27.14,35.28,31.23,27.55,27.2,36.59,19.48,24.01,41.38,33.11,30.73,34.04
7027127,7027127-23,"124 Barker St, London , ON , N5Y1Y1",PSC,London,ON,CML,1,6.93,5.35,4.79,5.87,8.69,6.37,7.29,7.61,5.73,13.52,6.51,7.17,7.77,4.53,4.37,5.21,3.77,7.03
7002589,7002589-5,"746 Baseline Rd E, London , ON , N6C5Z2",Lab,London,ON,LifeLabs,102,,,,,,,,,,,,,0,0,,,,
7019149,7019149-1,"11743 224 St, Maple Ridge , BC V2X6A4",PSC,Maple Ridge,BC,BC.Bio,10,95.35,34.25,78.7194,67.8093,95.55,64.5,61.5,66.1,58.39,64.79,93.34,67.99,60.7,62.3,52.48,68.57,97.13,67.49
7027127,7027127-208,"8787 Woodbine Ave, Markham , ON , L3R9S2",PSC,Markham,ON,CML,4,24.52,22.4,21.3797,27.7196,24.48,33.64,24.42,23.98,20.16,22.87,34.35,23.94,13.88,13.24,16.88,21.93,30.76,22.42
7027127,7027127-57,"6633 Hwy 7 E, Markham , ON , L3P7P2",PSC,Markham,ON,CML,4,12.65,14.43,10.97,13.77,15.81,11.97,15.95,25.7,13.47,11.79,13.41,12.29,10.21,10.81,11.65,11.21,13.65,16.63
7027127,7027127-111,"311 Commercial St, Milton , ON , L9T3Z9",PSC,Milton,ON,CML,5,25,14,15.5198,15.2798,20.76,27.04,30.72,17.68,16.98,15.4,17.76,27.12,9.96,7.63,21.12,17.9,30.55,18.34
7025439,7025439-30,"7343 Hurd St, Mission , BC V2V3H7",PSC,Mission,BC,BC.Bio,4,25.4,28.8,39.6994,29.2,28.7,31.8,24.5,48,27.4,24,25.4,25.2,36.9,34.4,33.5,17.3,39,31.1
7027127,7027127-113,"6560 Kennedy Rd, Mississauga , ON , L5T2X4",Lab,Mississauga,ON,CML,392,22334.253,19549.0952,20082.1302,19447.5568,22040.98,21648.63,22546.26,22315.14,20024.22,20599.81,19914.86,19740.66,20571.26,18046.46,18955.16,19453.68,19847.49,20968.32
7027127,7027127-170,"6560 Kennedy Rd, Mississauga , ON , L5T2X4",Lab,Mississauga,ON,CML,392,2034.2317,2047.9288,2669.8655,1987.6468,3059.82,2752.96,2428.32,2562.46,2945.72,1568.58,2228.97,3051.82,1429.86,2177.69,1655.71,1480.53,1622.11,2212.63
7002599,7002599-2,"2300 Eglinton Ave W, Mississauga , ON , L5M2V8",PSC,Mississauga,ON,LifeLabs,10,126.14,95.72,121.0788,104.7596,130.56,114.17,124.09,126.67,115.82,107.48,120.67,110.3,106.99,101.93,133.28,94.42,107.71,138.5
7027127,7027127-107,"3025 Hurontario St, Mississauga , ON , L5A2H1",PSC,Mississauga,ON,CML,11,41.88,34.62,26.1597,39.74,64.4,39.62,38.44,33.02,36.02,26.22,40.04,33.69,21.46,30.08,33.87,39.8,63.15,35.8
7027127,7027127-108,"1420 Burnhamthorpe Rd E, Mississauga , ON , L4X2Z9",PSC,Mississauga,ON,CML,12,40.7,40.52,34.6,46.06,62.88,42.06,46.48,37.9,49.1,35.46,58.64,39.16,35.42,26.78,23.56,43.08,55.2,47.72
7027127,7027127-101,"170 Queensway W, Mississauga , ON , L5B3A8",PSC,Mississauga,ON,CML,5,19.6,22.76,16.7598,17.7,18.14,18.58,16.78,28.48,17.24,12.64,17.56,18.96,16.04,23.16,19.52,20.42,16.4,30.86
7027127,7027127-81,"950 Southdown Rd, Mississauga , ON , L5J2Y4",PSC,Mississauga,ON,CML,6,20.94,29.82,33.4997,21.68,30.16,19.04,31.58,27.72,41.74,21.98,18.54,23.68,15.1,29.72,13.36,35.08,19.36,20.16
7027127,7027127-56,"3530 Derry Rd E, Mississauga , ON , L4T4E3",PSC,Mississauga,ON,CML,6,,23.52,31.5797,,26.64,24.5,17.3,21.2,21.09,14.98,16.41,22.26,10.16,15.98,10.14,20.22,21.7,24.88
7027127,7027127-22,"2021 Cliff Rd, Mississauga , ON , L5A3N1",PSC,Mississauga,ON,CML,1,10.89,5.89,6.99,5.17,9.53,16.41,6.26,5.27,16.45,4.63,5.9,2.66,4.2,4.46,2.24,6.24,3.22,12.32
7027127,7027127-167,"10 Kingsbridge Gardens, Mississauga , ON , L5R3K7",PSC,Mississauga,ON,CML,1,,,8.9,,7.86,,,8.82,,,15.84,,,,0,,,
7008327,7008327-1,"806 Vernon Street, Nelson , BC , V1L4G5",PSC,Nelson,BC,LifeLabs,2,,8.6,,6.8,,6.2,,7.2,6.5,,7.7,,7.3,,5.91,,6.71,
7027127,7027127-201,"2948 Baseline Rd, Nepean , ON , K2H8T5",PSC,Nepean,ON,CML,1,6.62,5.86,,4.9999,6.06,5.98,,5.42,5.92,,7.9,,,,0,,,
7027127,7027127-169,"34 Whitewood Ave, New Liskeard , ON , P0J1P0",PSC,New Liskeard,ON,CML,4,24.58,,21.0796,,,30.52,9.08,,20.8,,17.94,,15.9,15.98,0,13.38,,8.02
7018991,7018991-1,"625 Fifth Ave, New Westminster , BC V3M1X4",PSC,New Westminster,BC,BC.Bio,6,39.26,42.79,37.7696,40.8798,52.8,38.47,40.88,47.39,37.98,34.86,40.47,52.89,37.86,37.17,38.67,44.57,46.98,39.57
7025439,7025439-4,"227 Nelson's Cres, New Westminster , BC V3L0E3",PSC,New Westminster,BC,BC.Bio,4,23.2,29,32.8995,27.9,27.6,28.3,21.7,31.4,34.7,18.5,28.8,20.2,31,47.8,24.9,32.1,31.2,31.8
7027127,7027127-94,"531 Davis Dr, Newmarket , ON , L3Y6P5",PSC,Newmarket,ON,CML,6,10.02,10.58,9.96,10.5197,23.72,12.16,9.28,15.46,11.48,8.94,10.1,9.98,6.6,7.94,10.12,9.3,27.1,13.32
7027127,7027127-34,"17215 Leslie St, Newmarket , ON , L3Y8E4",PSC,Newmarket,ON,CML,6,24.5221,18.3,30.84,31.9094,54.96,31.22,23.24,17.44,29.9,20.06,20.9,22.3,19.94,41.34,0,21.02,51,26.23
7027127,7027127-29,"5400 Portage Rd, Niagara Falls , ON , L2G5X7",PSC,Niagara Falls,ON,CML,10,31.99,42.15,26.5096,31.6,27.69,45.52,33.82,40.55,30.64,31.14,41.54,40.64,29.64,41.6,45.6,41.86,40.62,36.94
7027127,7027127-115,"4256 Portage Rd, Niagara Falls , ON , L2E6A4",PSC,Niagara Falls,ON,CML,2,11.36,13.88,10.5599,6.82,9.82,11.18,16.82,11.58,10.32,10.84,9.7,10.74,10.22,17.92,9.1,8.86,15.76,8.02
7027127,7027127-8,"1221 Algonquin Ave, North Bay , ON , P1B4Y3",PSC,North Bay,ON,CML,7,32.18,7.56,,,,,,,,,,,,,0,,,
7027127,7027127-152,"5 Fairview Mall Dr, North York , ON , M2J2Z1",PSC,North York,ON,CML,9,38.78,43.76,28.0197,26.22,31.44,34.44,29.8,49.64,30.08,39.52,26.04,32.32,37.62,9.48,47.9,24.46,39.72,25.68
7027127,7027127-182,"20 Wynford Dr, North York , ON , M3C1J4",PSC,North York,ON,CML,6,26.38,27.88,22.9996,26.0598,54.39,20.1,30.4,30.26,26.8,31.25,23.76,21.92,18.22,9.79,23.38,35.47,25.79,24.66
7027127,7027127-158,"2 Champagne Dr, North York , ON , M3J0K2",PSC,North York,ON,CML,1,13.8,15.06,14.4797,14.1,31.1,,24.94,12.05,10.25,10.77,34.45,17.73,14.51,18.92,11.91,21.59,16.23,16.16
7027127,7027127-13,"4430 Bathurst St, North York , ON , M3H3S3",PSC,North York,ON,CML,3,12.1,11.74,10.2,10.8,12.76,12.6,14.76,11.44,10.58,11.76,23.42,11.92,7.06,7.94,6.84,9.34,9.7,10.58
7027127,7027127-187,"32 South Court E, Norwich , ON , N0J1P0",PSC,Norwich,ON,CML,1,5.54,,8.02,,7.92,,9.08,8.4,,7.5,,7.4,,4.08,0,9.36,,4.5
7027127,7027127-106,"581 Argus Rd, Oakville , ON , L6J3J4",PSC,Oakville,ON,CML,2,20.48,23.92,19.6797,10.04,26.38,16.52,18,16.36,25.94,10.92,14.2,18.98,14.18,12.42,15.38,11.93,14.1,14.84
7027127,7027127-102,"170 Rebecca St, Oakville , ON , L6K2X1",PSC,Oakville,ON,CML,3,13.18,6.34,23.6798,12.8998,11.44,23.6,19.78,11.72,13.04,10.54,17.36,16.48,10.24,6.74,15.3,15.1,17.68,17.76
7027127,7027127-104,"331 Sheddon Ave, Oakville , ON , L6J1X8",PSC,Oakville,ON,CML,1,23.64,13.76,48.9807,15.7198,22.62,34.88,18.94,20.36,,,,,,,0,,,
7027127,7027127-216,"575 River Glen Blvd, Oakville , ON , L6H6X6",PSC,Okaville,ON,CML,5,,,,,,,,,8.2,7.7,16.32,16.82,11.9,6.38,16.32,10.7,26.82,16.14
7027127,7027127-79,"95 First St, Orangeville , ON , L9W2E8",PSC,Orangeville,ON,CML,7,55.24,56.63,46.4296,42.0596,59.8,46.56,47.69,35.05,20.59,22.67,21.07,23.22,32.85,14.25,29.03,23.74,22.14,24.7
7027127,7027127-1,"201 Centrum Blvd, Orleans , ON , K1E3V7",PSC,Orleans,ON,CML,7,20.88,24.08,24.5797,22.4997,37.71,23.3,27.84,20.56,21.64,18.22,27,13.56,8.3,,0,,,
7002171,7002171-1,"1220 Place DOrleans Dr, Orleans , ON , K1C7K3",PSC,Orleans,ON,LifeLabs,5,12.1285,3.71,,,,,,,,,,,,,0,,,
7027127,7027127-42,"1400 Ritson Rd N, Oshawa , ON , L1G2H1",PSC,Oshawa,ON,CML,6,16,16.32,22.7497,30.01,17.78,18.06,18.88,18.58,27.67,13.04,22.24,16.38,10.86,13.82,25.84,18.12,16.26,14.62
7027127,7027127-114,"11 Gibb St, Oshawa , ON , L1H2J9",PSC,Oshawa,ON,CML,8,41.98,12.77,13.8697,,39.35,17.54,14.19,21.88,17,17.45,18.26,38.84,10.47,,25.16,26,14.48,28.31
7002172,7002172-1,"1919 Riverside Dr, Ottawa , ON , K1H1A2",Lab,Ottawa,ON,LifeLabs,68,1181.77,1625.5864,1340.6076,1377.7865,1569.21,1666.7,1417.82,1134.91,2115.94,1318.49,1487.29,1305.47,1367.1,1156.23,1129.05,1253.3,633.01,279.38
7027127,7027127-112,"3098 Carling Ave, Ottawa , ON , K2B7K2",PSC,Ottawa,ON,CML,4,26.02,16.26,13.5,15.08,11.78,13.78,18.86,22.74,21.16,8.42,18.22,5.4,5.92,,0,,,
7027127,7027127-67,"267 O'Connor St, Ottawa , ON , K2P1V3",PSC,Ottawa,ON,CML,7,35.4,16.72,16.28,23.1197,29.1,17.7,19.96,15.6,18.62,23.84,17.46,6.26,2.5,,0,,,
7002595,7002595-1,"945 Third Ave E, Owen Sound , ON , N4K2K8",PSC,Owen Sound,ON,LifeLabs,20,48.31,39.98,37.1596,56.0098,42.71,46.94,43.31,37.24,50.97,33.06,39.85,49.92,37.62,46.2,36.82,31.58,41.32,43.47
7027127,7027127-90,"238 Grand River St N, Paris , ON , N3L3M4",PSC,Paris,ON,CML,3,10.76,10.7,10,10.1,11.28,10.98,10.96,11.22,9.58,7.3,18.88,7.74,11.06,6.56,9.06,9.56,16.64,29.26
7027127,7027127-189,"154 Civic Centre Rd, Petawawa , ON , K8H3H5",PSC,Petawawa,ON,CML,2,8.14,4.6,3.34,5.9998,10,5,4.88,,7.06,6.02,7.28,,0,,0,,,
7027127,7027127-172,"1105 Kingston Rd, Pickering , ON , L1V1B5",PSC,Pickering,ON,CML,6,21.44,21.78,19.1198,17.42,24.64,21.2,25.32,25.68,22.38,22.16,43.38,33.46,18,18.98,15.24,21.62,18.94,20.28
7025439,7025439-32,"12195 Harris Rd, Pitt Meadows , BC V3Y2E9",PSC,Pitt Meadows,BC,BC.Bio,4,18.9,27.6,28.7995,28.2,23.5,28,22.4,43.2,17.6,30.5,28.4,24.6,24.4,33.41,29.4,33.9,28.4,28.9
7027127,7027127-99,"704 Mara St, Point Edward , ON , N7V1X4",PSC,Point Edward,ON,CML,4,12.1,20.1,13.04,12.9,15.58,30.54,12.8,7.94,7.4,14.22,12.54,10.46,12.72,7.72,7.34,12.46,18.78,6.88
7025439,7025439-26,"2185 Wilson Ave, Port Coquitlam , BC V3C6C1",PSC,Port Coquitlam,BC,BC.Bio,6,64.7,33.8,61.7991,50.8997,47.6,64.5,47.4,47.3,53.5,49,50.7,63.8,47.4,56.1,50.9,57,64.5,50.8
7025439,7025439-16,"1465 Salisbury Ave, Port Coquitlam , BC V3B6J3",PSC,Port Coquitlam,BC,BC.Bio,4,20.1,27.5999,24.1998,29.8,21.2,24.6,24.01,29.2,31.9,22.2,18.3,28,23.5,39.9,24.1,21.7,27.8,22.9
7027127,7027127-97,"807 St George St, Port Dover , ON , N0A1N0",PSC,Port Dover,ON,CML,1,6.46,5.22,7.44,6.16,12.92,5,6,4.64,4.92,4.06,5.22,5.42,4.78,10.04,9.31,,4.6,7.5
7025439,7025439-21,"2624 St Johns St, Port Moody , BC V3H2B6",PSC,Port Moody,BC,BC.Bio,3,13.9,9.5,13.7998,14,11.8,11.3,12.1,9,18.9,11.8,11.7,11.5,15,18.8,11.4,15.4,15.1,11.7
7008333,7008333-1,"1669 Victoria St, Prince George , BC , V2L2L5",PSC,Prince George,BC,LifeLabs,12,80.67,70.35,38.2396,53.6395,89.97,54.65,49.85,28.23,83.36,46.02,81.78,55.06,62.35,55.95,73.87,26.73,83.28,61.55
7032082,7032082-1,"665 Front St, Quesnel , BC , V2L5J5",PSC,Quesnel,BC,LifeLabs,2,,,18.9996,,,10.2,11.9,,,10.2,,,,,0,,12,
7025439,7025439-22,"4151 Hazelbridge Way, Richmond , BC V6X4J7",PSC,Richmond,BC,BC.Bio,2,14.6,13.7,17.0996,8.6,20.1,12.3,15.4,14.2,20.5,10.8,20.4,16.3,9.4,16,20.4,20.3,13.7,15.8
7002602,7002602-1,"250 Harding Blvd W, Richmond Hill , ON , L4C9M7",PSC,Richmond Hill,ON,LifeLabs,44,104.51,104.24,117.759,5.4299,,,,,,,,,,,0,,,
7027127,7027127-207,"1290 Ellesmere Rd, Scarborough , ON , M1P2X9",Lab,Scarborough,ON,CML,10,96,207.46,114.319,39.5,169.82,93.82,75.32,98,489,88.5,101.27,51,135.14,114,109,148.84,147.82,60.64
7027127,7027127-130,"4190 Finch Ave E, Scarborough , ON , M1S4T7",PSC,Scarborough,ON,CML,6,29.5,40.4,24.5397,26.3,28.78,35.08,17.05,52.01,28.72,23.42,27.08,28.66,32.68,10.69,41,24.82,27.54,28.4
7027127,7027127-136,"1333 Neilson Rd, Scarborough , ON , M1B4Y9",PSC,Scarborough,ON,CML,7,27.44,44.32,32.7796,22.72,27.98,27.38,14.58,53.86,27.02,24.12,25.14,30.04,35.48,9.52,33.2,26.08,20.36,22.78
7027127,7027127-156,"3850 Finch Ave E, Scarborough , ON , M1T3T6",PSC,Scarborough,ON,CML,18,28.14,35.98,45.4997,31.56,41.6,31.54,46.6,21.3,39.74,24.18,18.86,21.48,25.38,15.5,24.36,17.78,20.9,19.62
7027127,7027127-74,"700 Markham Rd, Scarborough , ON , M1H2A7",PSC,Scarborough,ON,CML,3,21.14,10.04,23.3597,20.4596,28.16,13.78,33.68,26.98,14.9,17.22,13.44,26.7,14.3,5.5,18.88,16.34,11.62,24.64
7027127,7027127-138,"4129 Lawrence Ave E, Scarborough , ON , M1G1P6",PSC,Scarborough,ON,CML,3,13.32,14.82,11.9197,15.04,14.1,17.41,12.06,20.28,13.18,10.6,9.7,28.14,12.5,,18.66,12.7,13.94,8.86
7027127,7027127-153,"2562 Lawrence Ave E, Scarborough , ON , M1P2R7",PSC,Scarborough,ON,CML,5,48.94,36.859,23.82,42.66,29.84,39.16,46.4,37.06,57,44.6,25.44,26.72,29.06,19.38,16.12,29.32,26.58,13.22
7027127,7027127-164,"3000 Lawrence Ave E, Scarborough , ON , M1P2V1",PSC,Scarborough,ON,CML,4,12.48,15.1,16.8897,10.8,14.98,12.74,12.24,10.84,18.79,7.98,11.72,13.72,12.66,12.49,11.58,13.36,13.22,12.64
7027127,7027127-155,"2863 Ellesmere Rd, Scarborough , ON , M1E5E9",PSC,Scarborough,ON,CML,7,37.47,22.84,25.1594,24.64,23.16,21.64,25.44,22.52,34.15,16.41,23.2,21.32,21.42,20.66,10.63,34.21,24.8,21.1
7027127,7027127-134,"4235 Sheppard Ave E, Scarborough , ON , M1S1T7",PSC,Scarborough,ON,CML,3,11,15.36,16.94,,42.12,22.8,10.46,11.3,10.34,11.26,10.9,16.44,8.26,8.78,8.92,18.66,15.38,9.9
7027127,7027127-135,"2330 Kennedy Rd, Scarborough , ON , M1T0A2",PSC,Scarborough,ON,CML,7,17.02,,14.46,,18.64,15.4,11.96,,37.26,50.64,,60.34,,46.8,0,35.36,,55.72
7027127,7027127-190,"167 Centre St, Shelburne , ON , L9V3R8",PSC,Shelburne,ON,CML,2,7.34,9.2,9.4198,6.06,8.76,12.24,4.36,23.5,8.26,7.78,3.54,8.12,11.64,3.98,10.16,8.26,7.9,4.6
7027127,7027127-30,"65 Donly Dr N, Simcoe , ON , N3Y0C2",PSC,Simcoe,ON,CML,7,7.45,19.7,19.5197,18.38,15.3,15,11.08,13.04,27.71,15.94,17.2,17.22,14.43,18.76,21.83,21.23,15.74,16.86
7002178,7002178-1,"15 Mountain Ave S, Stoney Creek , ON , L8G2V6",Lab,Stoney Creek,ON,LifeLabs,44,88.81,95.06,110.6791,95.5497,122.3,114.43,103.71,104.98,146.57,77.77,,,,,0,,185.28,116.26
7027127,7027127-86,"12267 10th Line, Stouffville , ON , L4A6B6",PSC,Stouffville,ON,CML,4,11.04,10.82,11.2597,16.04,17.36,13.08,12.4,9.5,16.72,22.84,29.68,11.16,9.18,9.9,20.26,12.22,11.54,17.55
7002604,7002604-1,"65 Larch St, Sudbury , ON , P3E1B8",Lab,Sudbury,ON,LifeLabs,66,1632.9196,1840.3096,1344.771,1821.0516,1953.86,1664.32,2187.29,1755.8,1210.84,2240.37,1583.9,1791.98,2339.26,1841.24,1533.96,2126.85,2300.79,2078.1
7027127,7027127-62,"1935 Paris St, Sudbury , ON , P3E3C6",PSC,Sudbury,ON,CML,1,16.36,7.36,5.74,,17.04,6.06,9.62,6.9,7.04,11.78,6.82,5.74,9.62,5.76,5.94,12.32,4.04,6
7005898,7005898-1,"7455 130 St, Surrey , BC V3W1H8",Lab,Surrey,BC,BC.Bio,225,7399.04,7325.29,6968.5843,7095.5548,8488.38,7630,7911.11,8296.11,7660.43,7268.42,7455.51,8003.45,7423.87,10335.63,12251.58,11654.1,12623.27,12913.69
7025439,7025439-15,"13745 72 Ave, Surrey , BC V3W2P2",PSC,Surrey,BC,BC.Bio,7,88.7,49.2,86.399,75.1996,71,88,73.8,75.91,85.8,66.6,91.8,67,70.5,83.6,73.3,70.1,85,72.2
7019147,7019147-1,"9014 152 St, Surrey , BC V3R4E7",PSC,Surrey,BC,BC.Bio,9,70.93,68.5,98.8487,66.3,81.82,69.01,73.51,100.46,77.61,68,63.29,66.29,74.6,97.84,72,83.11,77.41,67.29
7025439,7025439-13,"15300 105 Ave, Surrey , BC V3R6A7",PSC,Surrey,BC,BC.Bio,7,60,36.2,54.7993,50.3997,45.5,59.1,44.2,56.9,50,48.3,55.4,31.6,50.6,58.1,51.2,46.5,60,46
7025439,7025439-1,"9656 King George Blvd, Surrey , BC V3T2V5",PSC,Surrey,BC,BC.Bio,6,53.2,33.4,60.8992,46.2998,43.7,49.9,48.2,56.2,40.3,41.2,55.1,46.1,41.7,48.5,45.4,39.8,56.2,46.9
7025439,7025439-24,"15252 32 Ave, Surrey , BC V3S0R7",PSC,Surrey,BC,BC.Bio,4,32,41.9,48.9993,46,41.6,43.5,45.9,50.4,44.4,39.7,40.7,46,42.7,54.9,43.6,19.3,68.3,33
7025439,7025439-17,"10166 King George Blvd, Surrey , BC V3T2W4",PSC,Surrey,BC,BC.Bio,3,39.2,35.7,45.2993,25.8,20.7,46.8,26.41,56.2,23.8,29.5,31.8,34.3,25.3,52.1,33.2,33.7,43,26.5
7019155,7019155-1,"15321 16 Ave, Surrey , BC V4A1R6",PSC,Surrey,BC,BC.Bio,8,48.09,23.24,39.2983,30.3298,35.06,57.1,29.65,38.67,29.95,25.35,44.08,29.65,30.66,23.65,24.75,26.25,39.38,30.06
7025439,7025439-33,"16088 84 Ave, Surrey , BC V4N0V9",PSC,Surrey,BC,BC.Bio,3,23.3,24,22.3996,26,29.7,17.1,25.9,38,17.8,23.6,17.8,23.7,19.4,32.1,23.2,24.8,23.4,23.9
7008624,7008624-1,"105-4634 Park Avenue, Terrace , BC , V8G1V7",PSC,Terrace,BC,LifeLabs,6,,32.33,,23.4196,54.95,,48.43,,52.74,,50.84,,52.84,,50.74,,56.14,95.36
7027127,7027127-93,"7131 Bathurst St, Thornhill , ON , L4J7Z1",PSC,Thornhill,ON,CML,5,20.68,37.38,21.4995,15.46,21.04,20.08,11.4,27.92,18.82,34.12,,34.09,34.68,,42.54,21.3,27.68,22.88
7002605,7002605-1,"3460 Schmon Pkwy, Thorold , ON , L2V4Y6",Lab,Thorold,ON,LifeLabs,131,2975.5203,2822.8498,3081.735,2851.6032,3229.75,3110.88,2895.19,2971.35,3681.36,2784.87,3591.55,3351.25,3138.34,3229.05,2670.79,2819.73,3355.55,3173.57
7002605,7002605-2,"3460 Schmon Pkwy, Thorold , ON , L2V4Y6",Lab,Thorold,ON,LifeLabs,131,,,,,,,,,,,,,0,0,,,,
7007812,7007812-1,"1040 Oliver Rd, Thunder Bay , ON , P7B7A5",Lab,Thunder Bay,ON,LifeLabs,35,826.9377616,1059.6096,697.90896,740.36592,799.2432,812.8512,838.16208,1201.94928,282.68352,357.34608,818.5601642,805.95648,868.8008594,1234.936787,747.6000099,878.2601612,813.73,842.02
7002596,7002596-1,"425 Algonquin Blvd East, Timmins , ON , P4N1B5",PSC,Timmins,ON,LifeLabs,15,57.2402,21.2,19.9798,28.28,27.82,28.06,37.54,24.54,11.86,30.56,25.99,22.7,34.7,12.6,31.38,26.99,25.38,26.62
7002587,7002587-1,"100 International Blvd, Toronto , ON , M9W6J6",Lab,Toronto,ON,LifeLabs,690,20993.2077,21333.1567,21695.3512,19241.9794,24361.81,23351.43,17766.05,18073.38,19415.1,18030.68,19724.6,20250.49,17730.57,9941.39,10187.37,10962.62,10795.53,9228.06
7002587,7002587-9,"100 International Blvd, Toronto , ON , M9W6J6",Lab,Toronto,ON,LifeLabs,690,,,,,,,,,,,,,997.7,2702.81,3563.35,3270.48,3398.76,3616.32
7002587,7002587-7,"100 International Blvd, Toronto , ON , M9W6J6",Lab,Toronto,ON,LifeLabs,690,,,,,,,,,,,,,1055.03,2633.47,2763.04,2774.97,3633.87,3335.52
7002587,7002587-8,"100 International Blvd, Toronto , ON , M9W6J6",Lab,Toronto,ON,LifeLabs,690,,,,,,,,,,,,,647.49,2703.55,2693.09,2190.14,3079.47,3759.02
7002587,7002587-10,"100 International Blvd, Toronto , ON , M9W6J6",Lab,Toronto,ON,LifeLabs,690,,,,,,,,,,,,,1053.14,2677.15,1769.12,1968.66,3585.71,3460.94
7002587,7002587-4,"100 International Blvd, Toronto , ON , M9W6J6",Lab,Toronto,ON,LifeLabs,690,,,,,,,5202.56,5421.13,5816.93,4724.75,4163.1,4360.3,4041.17,2266.46,1609.83,1950.75,1734.94,3051.03
7002600,7002600-1,"1333 Sheppard Ave E, Toronto , ON , M2J1V1",PSC,Toronto,ON,LifeLabs,18,127.97,147.6715,140.2189,125.8394,151.39,226.47,155.73,149.61,169.99,166.49,159.64,192.5,179.55,159.36,138.87,134.91,224.21,175.29
7002601,7002601-2,"2425 Bloor St W, Toronto , ON , M6S4W4",PSC,Toronto,ON,LifeLabs,11,50.3,49.93,82.86,42.3896,62.64,41.02,51.82,60.73,67.43,49.98,75.07,68.5,66.51,51.68,78.42,58.45,84.64,52.91
7027127,7027127-128,"807 Broadview Ave, Toronto , ON , M4K2P8",PSC,Toronto,ON,CML,9,41.54,45.08,29.0594,60.3,38.02,40.82,53.7,48.74,46.34,33.4,40.44,49.74,76.21,14.2,61.62,42.04,35.16,68.46
7027127,7027127-69,"688 Coxwell Ave, Toronto , ON , M4C3B7",PSC,Toronto,ON,CML,3,23.48,39.52,20.0796,15.28,32.96,24.4,25.74,27.84,14.66,35,,45.64,35.98,,46.54,24.46,7.04,40.02
7027127,7027127-53,"340 College Street, Toronto , ON , M5T3A9",PSC,Toronto,ON,CML,9,38.04,11.77,42.7695,43.59,30.42,23.86,51.24,24.64,21.38,25.24,21.48,43.96,18.46,8.61,43.25,24.18,21.4,29.91
7027127,7027127-11,"1436 Royal York Rd N, Toronto , ON , M9P3A9",PSC,Toronto,ON,CML,12,42.05,21.05,50.1479,41.5,34.92,95.69,41.42,39.76,43.13,26.75,37,63.06,26.32,15.93,31.37,40.74,50.88,43.86
7027127,7027127-180,"2780 Jane St, Toronto , ON , M3N2J2",PSC,Toronto,ON,CML,8,22.24,25.55,24.5796,14.46,18.38,19.1,21.84,28.31,16.78,16.42,18.22,20,6.55,18.01,24.44,14.5,18.25,16.42
7027127,7027127-183,"1366 Yonge Street, Toronto , ON , M4T3A7",PSC,Toronto,ON,CML,6,26.26,10.08,22.5597,25.9397,21.3,17.98,26.32,18.24,17.28,19.26,18.26,30.92,10.86,6.64,18.96,20.8,19.02,27
7027127,7027127-165,"526 St Clair Ave W, Toronto , ON , M6C1A2",PSC,Toronto,ON,CML,6,17.2,6.32,17.8798,18.8797,36.72,9.1,74.84,15.64,19.94,8.48,18.74,21.3,22.14,8.51,18.26,16.78,15,22.32
7027127,7027127-76,"2797 Bathurst St, Toronto , ON , M6B4B9",PSC,Toronto,ON,CML,5,11.86,13.88,18.62,9.5199,22.77,14.56,14.12,12.46,11.42,17.91,17.16,20.84,18.88,17.2,17.33,20.55,15.22,21.62
7027127,7027127-175,"2065 Finch Ave W, Toronto , ON , M3N2V7",PSC,Toronto,ON,CML,6,30.1,22.72,20.18,22.3598,37.54,26.96,20.8,23.24,18.46,22.08,33.2,22.1,9.82,11.48,13.96,22.12,46.82,23.78
7027127,7027127-132,"800 Bathurst St, Toronto , ON , M5R3M8",PSC,Toronto,ON,CML,5,15.12,20.24,11.5598,3.02,27,14.12,17.44,17.08,11.96,17.42,11.06,12.12,12.5,,12.9,18.2,17.3,15.02
7027127,7027127-179,"14 College St, Toronto , ON , M5G1K2",PSC,Toronto,ON,CML,5,20.98,15.3,17.0986,16.1398,32.91,30.52,28.4,19.34,13.22,23.22,27.32,25.9,13.34,20.86,12.24,18.14,30.28,30.69
7027127,7027127-197,"844 Bathurst St, Toronto , ON , M5R3G1",PSC,Toronto,ON,CML,2,7.42,10.66,4.46,5.54,6.48,5.26,10.28,6.24,14.1,6.66,6.16,6.88,7.28,7.42,8.77,7.14,4.86,6.36
7027127,7027127-141,"1017 Wilson Ave, Toronto , ON , M3K1Z1",PSC,Toronto,ON,CML,5,13.78,25.42,13.88,17.66,20.8,32.74,25.62,14.7,23.08,14.68,34.04,15.06,12.9,7.94,8.14,15.64,21.68,16.6
7027127,7027127-131,"2333 Dundas St W, Toronto , ON , M6R1X6",PSC,Toronto,ON,CML,2,9.99,,17.2496,7.79,9.31,9.29,15.35,,12.41,8.63,13.98,7.15,5.39,6.17,8.11,7.11,8.57,12.4
7002597,7002597-1,"491 Lawrence Ave W, Toronto , ON , M5M1C7",PSC,Toronto,ON,LifeLabs,3,6.92,4.74,6.86,9.2799,10.01,7.76,5.14,9.1,5.02,15.55,7.28,7.52,7.02,6.54,7.68,10.83,3.58,8.24
7027127,7027127-199,"1011 Dufferin St, Toronto , ON , M6H4B5",PSC,Toronto,ON,CML,2,21.34,,7.58,,23.1,8.18,21.5,7.5,8.06,9.76,11,7.94,7,7.68,7.4,7.98,7.9,25.5
7027127,7027127-200,"1615 Dufferin St, Toronto , ON , M6H4H4",PSC,Toronto,ON,CML,6,13.74,7.32,6.12,13.6197,12.86,20.78,6.86,7.12,6.22,14.26,6.88,,22.22,6.62,7.24,6.88,16.1,8
7027127,7027127-151,"2340 Dundas St W, Toronto , ON , M6P4A9",PSC,Toronto,ON,CML,3,7.33,2.53,6.9098,5.59,6.81,11.49,15.67,6.62,5.21,9.08,,9.51,4.17,4.39,3.81,5.7,16.46,9.37
7027127,7027127-143,"2494 Danforth Ave, Toronto , ON , M4C1K9",PSC,Toronto,ON,CML,2,14.18,16.02,,13.8,14.26,,13.42,7.68,14.26,,15.06,,7.62,13.28,0,11.02,13.5,5.46
7027127,7027127-148,"29 Toronto St S, Uxbridge , ON , L9P1V9",PSC,Uxbridge,ON,CML,3,,35.44,,,,30.82,,25.76,,,27.36,,,,16.64,,26.74,
7027127,7027127-43,"3140 Hwy 69 N, Val Caron , ON , P3N1G3",PSC,Val Caron,ON,CML,1,,18.14,10.2798,,,16.98,11.6,,15.46,,15.26,,10.1,14.44,0,23.95,,15.64
7025439,7025439-8,"1750 E 10th Ave, Vancouver , BC V5N5K4",PSC,Vancouver,BC,BC.Bio,6,58.9,39.4,65.7995,53.2,52.9,53.3,59.2,67.9,70.4,46.4,51.8,77.5,44.2,52.3,62,49.2,57.8,58.8
7025439,7025439-12,"1160 Burrard St, Vancouver , BC V6Z2E8",PSC,Vancouver,BC,BC.Bio,6,29.9,37.7,48.1008,31.9,40.3,31.7,35.4,54.5,36.9,17.1,61.5,30.3,35.7,57.3,37,35.9,36,34.7
7025439,7025439-9,"2736 E Hastings St, Vancouver , BC V5K1Z9",PSC,Vancouver,BC,BC.Bio,4,23.9,20.7,25.6998,25.6,21.2,25.2,26.4,33.7,21.8,23.4,21.7,21.2,34.3,12.8,31.9,26.8,29.8,26.1
7025439,7025439-11,"136 Davie St, Vancouver , BC V6Z2V4",PSC,Vancouver,BC,BC.Bio,3,17.2,25.5,33.7994,20.3,21,22.3,23,32,19.9,25,20.5,20.6,22.2,29.5,16.9,26,20.8,23.3
7025439,7025439-28,"5740 Cambie St, Vancouver , BC V5Z3A6",PSC,Vancouver,BC,BC.Bio,3,26.8,10.2,24.8998,15.0998,29,14.7,24.1,18,25.5,19.2,27.9,20,18.6,19.9,15.2,18.8,28.1,25
7025439,7025439-10,"972 W King Edward Ave, Vancouver , BC V5Z2E2",PSC,Vancouver,BC,BC.Bio,3,17.4,,17.7999,11.0999,15.9,13.2,14.4,11.3,24.7,22.9,14.1,15.8,16.5,19.3,11.5,28.5,10,31
7025439,7025439-18,"555 W 12th Ave, Vancouver , BC V5Z3X7",PSC,Vancouver,BC,BC.Bio,1,12.5,15.8,20.4997,11.3,11.6,,,,,,,,,,0,,,
7025439,7025439-7,"1338 West Broadway, Vancouver , BC V6H1H2",PSC,Vancouver,BC,BC.Bio,1,4.5,4.5,10.7997,5,3.8,5,5,10.1,4,,,,,,0,,,
7008334,7008334-1,"4464 Markham St, Victoria , BC , V8Z7X8",Lab,Victoria,BC,LifeLabs,145,4437.3725,3749.9,4259.5576,4162.1001,4532.16,3905.09,4257.81,4317.86,4549.98,4077.36,4515.14,4373.53,4501.9,4148.44,4297.34,4485.07,4901.7,4619.54
7027127,7027127-186,"30 McNaughton Ave, Wallaceburg , ON , N8A1R9",PSC,Wallaceburg,ON,CML,1,5.9,10.38,3.8999,6.28,4.28,6.46,7.98,7.04,2.94,5.44,4.72,14.92,7.86,12.48,6.6,5.72,6.32,3.94
7027127,7027127-214,"430 The Boardwalk, Waterloo , ON , N2T0C1",PSC,Waterloo,ON,CML,12,40,41.09,31.1296,34.8296,36.24,61.22,40.9,57.06,38.31,31.66,66.14,41.02,34.3,28.06,36.87,43.42,78.18,53.48
7027127,7027127-40,"200 Brock St N, Whitby , ON , L1N4H5",PSC,Whistby,ON,CML,5,25.78,30.03,27.8797,20.4,22.48,17.04,22.2,33.11,16.52,16.54,22.16,20.2,20.54,17.26,17.68,19.18,21.86,20.82
7027127,7027127-87,"1615 Dundas St E, Whitby , ON , L1N2L1",PSC,Whitby,ON,CML,4,14.8,12.4,10.42,14.08,12.88,11.54,16.86,23.46,9.14,14.48,10.84,11.48,9.34,9.94,8.38,2.56,21.48,7.54
7027127,7027127-16,"6720 Hawthorne Dr, Windsor , ON , N8T1J9",PSC,Windsor,ON,CML,5,24.58,25.16,34.2996,31.04,50.76,37.26,17.08,27.92,20.05,5.74,7.54,,,,0,,,
7027127,7027127-33,"4600 Hwy 7, Woodbridge , ON , L4L4Y7",PSC,Woodbridge,ON,CML,10,31.54,42.58,54.7196,29.5,29.4,29.54,37.48,31.16,30.12,28.06,30.28,31.32,23.1,45.62,36.42,18.46,22.86,28.4
7027127,7027127-21,"510 Ingersoll Ave, Woodstock , ON , N4S4X9",PSC,Woodstock,ON,CML,10,43.48,42.13,40.3597,36.7298,54.14,40.54,41.8,49.55,40.12,35.06,53.67,49.41,27.95,35.47,35.97,37.87,39.32,61.6
7027127,7027127-198,"959 Dundas St, Woodstock , ON , N4S8W7",PSC,Woodstock,ON,CML,1,3.3,3.44,,8.08,8.7,7.78,6,6.16,6.92,8.14,7.08,5.58,4.8,7.68,6.12,12.44,14.84,10.6
